{
  "shapes" : [
    {
      "class" : "dia-node",
      "attrs" : "{\n  \"lockAspectRatio\" : false,\n  \"shape\" : \"rect\",\n  \"position\" : \"{1760, -410}\",\n  \"size\" : \"{100, 60}\",\n  \"identifier\" : \"3AA355A4-D1B6-477B-87E9-BE93E0C199F2\",\n  \"tag\" : 0,\n  \"connectable\" : true,\n  \"isLocked\" : false,\n  \"visible\" : true,\n  \"isTemplate\" : false,\n  \"themeStyle\" : \"variant_4\",\n  \"privateStyle\" : {\n    \"textAlignment\" : 2,\n    \"font\" : \"Helvetica,14.0\"\n  },\n  \"value\" : \"Order Food \\\/ WIN!\",\n  \"isRelative\" : false\n}"
    },
    {
      "class" : "dia-node",
      "attrs" : "{\n  \"lockAspectRatio\" : false,\n  \"shape\" : \"rect\",\n  \"position\" : \"{1560, -410}\",\n  \"size\" : \"{150, 60}\",\n  \"identifier\" : \"7CED00E9-6542-4078-AF09-36D9ECE5A484\",\n  \"tag\" : 0,\n  \"connectable\" : true,\n  \"isLocked\" : false,\n  \"visible\" : true,\n  \"isTemplate\" : false,\n  \"themeStyle\" : \"variant_4\",\n  \"privateStyle\" : {\n    \"font\" : \"Helvetica,14.0\",\n    \"textAlignment\" : 2\n  },\n  \"value\" : \"Get French\\\/English Dictionary\",\n  \"isRelative\" : false\n}"
    },
    {
      "class" : "connector",
      "attrs" : "{\n  \"isRelative\" : false,\n  \"points\" : [\n\n  ],\n  \"shape\" : \"connector\",\n  \"targetPoint\" : \"{1810, -380}\",\n  \"identifier\" : \"3D6BFCFF-EFFF-4B83-886E-7FD077749394\",\n  \"tag\" : 0,\n  \"isLocked\" : false,\n  \"visible\" : true,\n  \"themeStyle\" : \"edge_11\",\n  \"isTemplate\" : false,\n  \"privateStyle\" : {\n\n  },\n  \"exitPoint\" : {\n    \"offset\" : \"{0, 0}\",\n    \"direction\" : 0,\n    \"location\" : \"{0, 0}\"\n  },\n  \"sourcePoint\" : \"{1635, -380}\",\n  \"entryPoint\" : {\n    \"offset\" : \"{0, 0}\",\n    \"direction\" : 0,\n    \"location\" : \"{0, 0}\"\n  }\n}"
    },
    {
      "class" : "dia-node",
      "attrs" : "{\n  \"lockAspectRatio\" : false,\n  \"shape\" : \"rect\",\n  \"position\" : \"{1360, -410}\",\n  \"size\" : \"{130, 60}\",\n  \"identifier\" : \"51C31EC5-DDB1-45DE-AC9C-25EBE91BA53B\",\n  \"tag\" : 0,\n  \"connectable\" : true,\n  \"isLocked\" : false,\n  \"visible\" : true,\n  \"isTemplate\" : false,\n  \"themeStyle\" : \"variant_4\",\n  \"privateStyle\" : {\n    \"font\" : \"Helvetica,14.0\",\n    \"textAlignment\" : 2\n  },\n  \"value\" : \"Give sparkling water to bathroom attendant\",\n  \"isRelative\" : false\n}"
    },
    {
      "class" : "connector",
      "attrs" : "{\n  \"isRelative\" : false,\n  \"points\" : [\n\n  ],\n  \"shape\" : \"connector\",\n  \"targetPoint\" : \"{1635, -380}\",\n  \"identifier\" : \"0B974041-0E85-4700-82E6-81B04C4B6DBD\",\n  \"tag\" : 0,\n  \"isLocked\" : false,\n  \"visible\" : true,\n  \"themeStyle\" : \"edge_11\",\n  \"isTemplate\" : false,\n  \"privateStyle\" : {\n\n  },\n  \"exitPoint\" : {\n    \"offset\" : \"{0, 0}\",\n    \"direction\" : 0,\n    \"location\" : \"{0, 0}\"\n  },\n  \"sourcePoint\" : \"{1425, -380}\",\n  \"entryPoint\" : {\n    \"offset\" : \"{0, 0}\",\n    \"direction\" : 0,\n    \"location\" : \"{0, 0}\"\n  }\n}"
    },
    {
      "class" : "dia-node",
      "attrs" : "{\n  \"lockAspectRatio\" : false,\n  \"shape\" : \"rect\",\n  \"position\" : \"{1360, -510}\",\n  \"size\" : \"{130, 60}\",\n  \"identifier\" : \"2E7E39BC-FA0F-48F2-B2F7-F90427897A18\",\n  \"tag\" : 0,\n  \"connectable\" : true,\n  \"isLocked\" : false,\n  \"visible\" : true,\n  \"isTemplate\" : false,\n  \"themeStyle\" : \"variant_4\",\n  \"privateStyle\" : {\n    \"textAlignment\" : 2,\n    \"font\" : \"Helvetica,14.0\"\n  },\n  \"value\" : \"Dump sparkly lotion into water bottle.\",\n  \"isRelative\" : false\n}"
    },
    {
      "class" : "connector",
      "attrs" : "{\n  \"isRelative\" : false,\n  \"points\" : [\n\n  ],\n  \"shape\" : \"connector\",\n  \"targetPoint\" : \"{1425, -380}\",\n  \"identifier\" : \"FB606722-7A7E-405C-9BF1-5DCAA63930BD\",\n  \"tag\" : 0,\n  \"isLocked\" : false,\n  \"visible\" : true,\n  \"themeStyle\" : \"edge_11\",\n  \"isTemplate\" : false,\n  \"privateStyle\" : {\n\n  },\n  \"exitPoint\" : {\n    \"offset\" : \"{0, 0}\",\n    \"direction\" : 0,\n    \"location\" : \"{0, 0}\"\n  },\n  \"sourcePoint\" : \"{1425, -480}\",\n  \"entryPoint\" : {\n    \"offset\" : \"{0, 0}\",\n    \"direction\" : 0,\n    \"location\" : \"{0, 0}\"\n  }\n}"
    },
    {
      "class" : "dia-node",
      "attrs" : "{\n  \"lockAspectRatio\" : false,\n  \"shape\" : \"rect\",\n  \"position\" : \"{1290, -600}\",\n  \"size\" : \"{100, 60}\",\n  \"identifier\" : \"BAF85F39-E301-4936-8B42-398351A5FC82\",\n  \"tag\" : 0,\n  \"connectable\" : true,\n  \"isLocked\" : false,\n  \"visible\" : true,\n  \"isTemplate\" : false,\n  \"themeStyle\" : \"variant_4\",\n  \"privateStyle\" : {\n    \"font\" : \"Helvetica,14.0\",\n    \"textAlignment\" : 2\n  },\n  \"value\" : \"Acquire sparkly lotion\",\n  \"isRelative\" : false\n}"
    },
    {
      "class" : "dia-node",
      "attrs" : "{\n  \"lockAspectRatio\" : false,\n  \"shape\" : \"rect\",\n  \"position\" : \"{1450, -600}\",\n  \"size\" : \"{100, 60}\",\n  \"identifier\" : \"1245A6BE-C43B-43CA-9A7C-48D6F36BBF92\",\n  \"tag\" : 0,\n  \"connectable\" : true,\n  \"isLocked\" : false,\n  \"visible\" : true,\n  \"isTemplate\" : false,\n  \"themeStyle\" : \"variant_4\",\n  \"privateStyle\" : {\n    \"textAlignment\" : 2,\n    \"font\" : \"Helvetica,14.0\"\n  },\n  \"value\" : \"Acquire bottle of water\",\n  \"isRelative\" : false\n}"
    },
    {
      "class" : "connector",
      "attrs" : "{\n  \"isRelative\" : false,\n  \"points\" : [\n\n  ],\n  \"shape\" : \"connector\",\n  \"targetPoint\" : \"{1425, -510}\",\n  \"identifier\" : \"69D251BD-295F-47EF-8B5E-28FEBCDE5F92\",\n  \"tag\" : 0,\n  \"isLocked\" : false,\n  \"visible\" : true,\n  \"themeStyle\" : \"edge_11\",\n  \"isTemplate\" : false,\n  \"privateStyle\" : {\n\n  },\n  \"exitPoint\" : {\n    \"offset\" : \"{0, 0}\",\n    \"direction\" : 0,\n    \"location\" : \"{0, -0.5}\"\n  },\n  \"sourcePoint\" : \"{1500, -540}\",\n  \"entryPoint\" : {\n    \"offset\" : \"{0, 0}\",\n    \"direction\" : 0,\n    \"location\" : \"{0, 0.5}\"\n  }\n}"
    },
    {
      "class" : "connector",
      "attrs" : "{\n  \"isRelative\" : false,\n  \"points\" : [\n\n  ],\n  \"shape\" : \"connector\",\n  \"targetPoint\" : \"{1425, -510}\",\n  \"identifier\" : \"5BB2BC53-207F-46D5-B718-61B637CEF262\",\n  \"tag\" : 0,\n  \"isLocked\" : false,\n  \"visible\" : true,\n  \"themeStyle\" : \"edge_11\",\n  \"isTemplate\" : false,\n  \"privateStyle\" : {\n\n  },\n  \"exitPoint\" : {\n    \"offset\" : \"{0, 0}\",\n    \"direction\" : 0,\n    \"location\" : \"{0, -0.5}\"\n  },\n  \"sourcePoint\" : \"{1340, -540}\",\n  \"entryPoint\" : {\n    \"offset\" : \"{0, 0}\",\n    \"direction\" : 0,\n    \"location\" : \"{0, 0.5}\"\n  }\n}"
    },
    {
      "class" : "dia-node",
      "attrs" : "{\n  \"lockAspectRatio\" : false,\n  \"shape\" : \"rect\",\n  \"position\" : \"{1450, -690}\",\n  \"size\" : \"{100, 60}\",\n  \"identifier\" : \"F3E8A440-4522-42C4-9F56-3BFAE4ED4253\",\n  \"tag\" : 0,\n  \"connectable\" : true,\n  \"isLocked\" : false,\n  \"visible\" : true,\n  \"isTemplate\" : false,\n  \"themeStyle\" : \"variant_4\",\n  \"privateStyle\" : {\n    \"textAlignment\" : 2,\n    \"font\" : \"Helvetica,14.0\"\n  },\n  \"value\" : \"Get access to kitchen\",\n  \"isRelative\" : false\n}"
    },
    {
      "class" : "connector",
      "attrs" : "{\n  \"isRelative\" : false,\n  \"points\" : [\n\n  ],\n  \"shape\" : \"connector\",\n  \"targetPoint\" : \"{1500, -570}\",\n  \"identifier\" : \"BC117C41-67CA-4CCA-8348-329655CA926F\",\n  \"tag\" : 0,\n  \"isLocked\" : false,\n  \"visible\" : true,\n  \"themeStyle\" : \"edge_11\",\n  \"isTemplate\" : false,\n  \"privateStyle\" : {\n\n  },\n  \"exitPoint\" : {\n    \"offset\" : \"{0, 0}\",\n    \"direction\" : 0,\n    \"location\" : \"{0, 0}\"\n  },\n  \"sourcePoint\" : \"{1500, -660}\",\n  \"entryPoint\" : {\n    \"offset\" : \"{0, 0}\",\n    \"direction\" : 0,\n    \"location\" : \"{0, 0}\"\n  }\n}"
    },
    {
      "class" : "dia-node",
      "attrs" : "{\n  \"lockAspectRatio\" : false,\n  \"shape\" : \"rect\",\n  \"position\" : \"{1290, -690}\",\n  \"size\" : \"{100, 60}\",\n  \"identifier\" : \"874658FA-5984-4D93-8D25-C38EC6C18BF6\",\n  \"tag\" : 0,\n  \"connectable\" : true,\n  \"isLocked\" : false,\n  \"visible\" : true,\n  \"isTemplate\" : false,\n  \"themeStyle\" : \"variant_4\",\n  \"privateStyle\" : {\n    \"font\" : \"Helvetica,14.0\",\n    \"textAlignment\" : 2\n  },\n  \"value\" : \"Get  flour on face (?)\",\n  \"isRelative\" : false\n}"
    },
    {
      "class" : "connector",
      "attrs" : "{\n  \"isRelative\" : false,\n  \"points\" : [\n\n  ],\n  \"shape\" : \"connector\",\n  \"targetPoint\" : \"{1340, -660}\",\n  \"identifier\" : \"20436B3F-CFD2-4BBB-B4A7-DB706BA86A12\",\n  \"tag\" : 0,\n  \"isLocked\" : false,\n  \"visible\" : true,\n  \"themeStyle\" : \"edge_11\",\n  \"isTemplate\" : false,\n  \"privateStyle\" : {\n\n  },\n  \"exitPoint\" : {\n    \"offset\" : \"{0, 0}\",\n    \"direction\" : 0,\n    \"location\" : \"{0, 0}\"\n  },\n  \"sourcePoint\" : \"{1500, -660}\",\n  \"entryPoint\" : {\n    \"offset\" : \"{0, 0}\",\n    \"direction\" : 0,\n    \"location\" : \"{0, 0}\"\n  }\n}"
    },
    {
      "class" : "connector",
      "attrs" : "{\n  \"isRelative\" : false,\n  \"points\" : [\n\n  ],\n  \"shape\" : \"connector\",\n  \"targetPoint\" : \"{1340, -570}\",\n  \"identifier\" : \"A0653D3F-8801-4961-A714-DF28AA288A89\",\n  \"tag\" : 0,\n  \"isLocked\" : false,\n  \"visible\" : true,\n  \"themeStyle\" : \"edge_11\",\n  \"isTemplate\" : false,\n  \"privateStyle\" : {\n\n  },\n  \"exitPoint\" : {\n    \"offset\" : \"{0, 0}\",\n    \"direction\" : 0,\n    \"location\" : \"{0, 0}\"\n  },\n  \"sourcePoint\" : \"{1340, -660}\",\n  \"entryPoint\" : {\n    \"offset\" : \"{0, 0}\",\n    \"direction\" : 0,\n    \"location\" : \"{0, 0}\"\n  }\n}"
    },
    {
      "class" : "dia-node",
      "attrs" : "{\n  \"lockAspectRatio\" : false,\n  \"shape\" : \"rect\",\n  \"position\" : \"{1370, -800}\",\n  \"size\" : \"{90, 60}\",\n  \"identifier\" : \"6CB05CFC-2C61-47BD-BCB6-3B5710EC784E\",\n  \"tag\" : 0,\n  \"connectable\" : true,\n  \"isLocked\" : false,\n  \"visible\" : true,\n  \"isTemplate\" : false,\n  \"themeStyle\" : \"variant_4\",\n  \"privateStyle\" : {\n    \"textAlignment\" : 2,\n    \"font\" : \"Helvetica,14.0\"\n  },\n  \"value\" : \"Remove jacket\",\n  \"isRelative\" : false\n}"
    },
    {
      "class" : "connector",
      "attrs" : "{\n  \"isRelative\" : false,\n  \"points\" : [\n\n  ],\n  \"shape\" : \"connector\",\n  \"targetPoint\" : \"{1500, -690}\",\n  \"identifier\" : \"A5CCC348-E2B5-43CE-94CC-CD19E02B6ADD\",\n  \"tag\" : 0,\n  \"isLocked\" : false,\n  \"visible\" : true,\n  \"themeStyle\" : \"edge_11\",\n  \"isTemplate\" : false,\n  \"privateStyle\" : {\n\n  },\n  \"exitPoint\" : {\n    \"offset\" : \"{0, 0}\",\n    \"direction\" : 0,\n    \"location\" : \"{0, -0.5}\"\n  },\n  \"sourcePoint\" : \"{1460, -770}\",\n  \"entryPoint\" : {\n    \"offset\" : \"{0, 0}\",\n    \"direction\" : 0,\n    \"location\" : \"{0.5, 0}\"\n  }\n}"
    },
    {
      "class" : "connector",
      "attrs" : "{\n  \"isRelative\" : false,\n  \"points\" : [\n    {\n      \"point\" : \"{1143.4609375, -540.234375}\",\n      \"axis\" : 1\n    },\n    {\n      \"point\" : \"{1201.921875, -655.1171875}\",\n      \"axis\" : 2\n    },\n    {\n      \"point\" : \"{1285.9609375, -770}\",\n      \"axis\" : 1\n    }\n  ],\n  \"shape\" : \"connector\",\n  \"targetPoint\" : \"{1370, -770}\",\n  \"identifier\" : \"FA562C42-D3D9-41C5-BE02-117CFD367573\",\n  \"tag\" : 0,\n  \"isLocked\" : false,\n  \"visible\" : true,\n  \"themeStyle\" : \"edge_11\",\n  \"isTemplate\" : false,\n  \"privateStyle\" : {\n\n  },\n  \"exitPoint\" : {\n    \"offset\" : \"{0, 0}\",\n    \"direction\" : 0,\n    \"location\" : \"{-0.5, 0}\"\n  },\n  \"sourcePoint\" : \"{1085, -540.234375}\",\n  \"entryPoint\" : {\n    \"offset\" : \"{0, 0}\",\n    \"direction\" : 0,\n    \"location\" : \"{0, 0}\"\n  }\n}"
    },
    {
      "class" : "dia-node",
      "attrs" : "{\n  \"lockAspectRatio\" : false,\n  \"shape\" : \"rect\",\n  \"position\" : \"{940, -790}\",\n  \"size\" : \"{149.99999999999989, 60}\",\n  \"identifier\" : \"95119945-A675-4510-98B5-FA6F443417FC\",\n  \"tag\" : 0,\n  \"connectable\" : true,\n  \"isLocked\" : false,\n  \"visible\" : true,\n  \"isTemplate\" : false,\n  \"themeStyle\" : \"variant_4\",\n  \"privateStyle\" : {\n    \"font\" : \"Helvetica,14.0\",\n    \"textAlignment\" : 2\n  },\n  \"value\" : \"Get Seated in Restaurant\",\n  \"isRelative\" : false\n}"
    },
    {
      "class" : "dia-node",
      "attrs" : "{\n  \"lockAspectRatio\" : false,\n  \"shape\" : \"rect\",\n  \"position\" : \"{690, -790}\",\n  \"size\" : \"{180, 60}\",\n  \"identifier\" : \"4C68599C-1D31-48EA-9E0B-974282DC50ED\",\n  \"tag\" : 0,\n  \"connectable\" : true,\n  \"isLocked\" : false,\n  \"visible\" : true,\n  \"isTemplate\" : false,\n  \"themeStyle\" : \"variant_4\",\n  \"privateStyle\" : {\n    \"font\" : \"Helvetica,14.0\",\n    \"textAlignment\" : 2\n  },\n  \"value\" : \"Give name on Reservations List\",\n  \"isRelative\" : false\n}"
    },
    {
      "attrs" : "{\n  \"isRelative\" : false,\n  \"points\" : [\n\n  ],\n  \"shape\" : \"connector\",\n  \"targetPoint\" : \"{1015, -760}\",\n  \"identifier\" : \"85BEEC95-2D51-4EB7-A129-00F75D5CC7CC\",\n  \"tag\" : 0,\n  \"isLocked\" : false,\n  \"visible\" : true,\n  \"themeStyle\" : \"edge_11\",\n  \"isTemplate\" : false,\n  \"privateStyle\" : {\n\n  },\n  \"exitPoint\" : {\n    \"offset\" : \"{0, 0}\",\n    \"direction\" : 0,\n    \"location\" : \"{0, 0}\"\n  },\n  \"sourcePoint\" : \"{780, -760}\",\n  \"entryPoint\" : {\n    \"offset\" : \"{0, 0}\",\n    \"direction\" : 0,\n    \"location\" : \"{0, 0}\"\n  }\n}",
      "class" : "connector"
    },
    {
      "attrs" : "{\n  \"lockAspectRatio\" : false,\n  \"shape\" : \"rect\",\n  \"position\" : \"{505, -790}\",\n  \"size\" : \"{130, 60}\",\n  \"identifier\" : \"C4DDE947-CB17-417A-95B7-A15079655D0D\",\n  \"tag\" : 0,\n  \"connectable\" : true,\n  \"isLocked\" : false,\n  \"visible\" : true,\n  \"isTemplate\" : false,\n  \"themeStyle\" : \"variant_4\",\n  \"privateStyle\" : {\n    \"font\" : \"Helvetica,14.0\",\n    \"textAlignment\" : 2\n  },\n  \"value\" : \"Get name from guy on phone\",\n  \"isRelative\" : false\n}",
      "class" : "dia-node"
    },
    {
      "attrs" : "{\n  \"isRelative\" : false,\n  \"points\" : [\n\n  ],\n  \"shape\" : \"connector\",\n  \"targetPoint\" : \"{780, -760}\",\n  \"identifier\" : \"D75DA369-78F8-4475-96C5-B6A11760EB29\",\n  \"tag\" : 0,\n  \"isLocked\" : false,\n  \"visible\" : true,\n  \"themeStyle\" : \"edge_11\",\n  \"isTemplate\" : false,\n  \"privateStyle\" : {\n\n  },\n  \"exitPoint\" : {\n    \"offset\" : \"{0, 0}\",\n    \"direction\" : 0,\n    \"location\" : \"{0, 0}\"\n  },\n  \"sourcePoint\" : \"{570, -760}\",\n  \"entryPoint\" : {\n    \"offset\" : \"{0, 0}\",\n    \"direction\" : 0,\n    \"location\" : \"{0, 0}\"\n  }\n}",
      "class" : "connector"
    },
    {
      "attrs" : "{\n  \"lockAspectRatio\" : false,\n  \"shape\" : \"rect\",\n  \"position\" : \"{945, -680}\",\n  \"size\" : \"{140, 60}\",\n  \"identifier\" : \"31573A90-8E07-4267-B27C-70567CD01D21\",\n  \"tag\" : 0,\n  \"connectable\" : true,\n  \"isLocked\" : false,\n  \"visible\" : true,\n  \"isTemplate\" : false,\n  \"themeStyle\" : \"variant_4\",\n  \"privateStyle\" : {\n    \"font\" : \"Helvetica,14.0\",\n    \"textAlignment\" : 2\n  },\n  \"value\" : \"Get a menu\",\n  \"isRelative\" : false\n}",
      "class" : "dia-node"
    },
    {
      "attrs" : "{\n  \"isRelative\" : false,\n  \"points\" : [\n\n  ],\n  \"shape\" : \"connector\",\n  \"targetPoint\" : \"{1015, -650}\",\n  \"identifier\" : \"1E01D204-0D66-41EE-B08E-AAD913D1D41C\",\n  \"tag\" : 0,\n  \"isLocked\" : false,\n  \"visible\" : true,\n  \"themeStyle\" : \"edge_11\",\n  \"isTemplate\" : false,\n  \"privateStyle\" : {\n\n  },\n  \"exitPoint\" : {\n    \"offset\" : \"{0, 0}\",\n    \"direction\" : 0,\n    \"location\" : \"{0, 0}\"\n  },\n  \"sourcePoint\" : \"{1015, -760}\",\n  \"entryPoint\" : {\n    \"offset\" : \"{0, 0}\",\n    \"direction\" : 0,\n    \"location\" : \"{0, 0}\"\n  }\n}",
      "class" : "connector"
    },
    {
      "attrs" : "{\n  \"lockAspectRatio\" : false,\n  \"shape\" : \"rect\",\n  \"position\" : \"{505, -680}\",\n  \"size\" : \"{130, 60}\",\n  \"identifier\" : \"9F340B28-906E-406E-B24D-7CA2D92182AA\",\n  \"tag\" : 0,\n  \"connectable\" : true,\n  \"isLocked\" : false,\n  \"visible\" : true,\n  \"isTemplate\" : false,\n  \"themeStyle\" : \"variant_4\",\n  \"privateStyle\" : {\n    \"textAlignment\" : 2,\n    \"font\" : \"Helvetica,14.0\"\n  },\n  \"value\" : \"Get guy on phone to give wrong address\",\n  \"isRelative\" : false\n}",
      "class" : "dia-node"
    },
    {
      "attrs" : "{\n  \"isRelative\" : false,\n  \"points\" : [\n\n  ],\n  \"shape\" : \"connector\",\n  \"targetPoint\" : \"{945, -650}\",\n  \"identifier\" : \"AF49F383-648E-418B-A990-02B66E3FC1E1\",\n  \"tag\" : 0,\n  \"isLocked\" : false,\n  \"visible\" : true,\n  \"themeStyle\" : \"edge_11\",\n  \"isTemplate\" : false,\n  \"privateStyle\" : {\n\n  },\n  \"exitPoint\" : {\n    \"offset\" : \"{0, 0}\",\n    \"direction\" : 0,\n    \"location\" : \"{-0.5, 0}\"\n  },\n  \"sourcePoint\" : \"{635, -650}\",\n  \"entryPoint\" : {\n    \"offset\" : \"{0, 0}\",\n    \"direction\" : 0,\n    \"location\" : \"{0.5, 0}\"\n  }\n}",
      "class" : "connector"
    },
    {
      "attrs" : "{\n  \"lockAspectRatio\" : false,\n  \"shape\" : \"rect\",\n  \"position\" : \"{330, -790}\",\n  \"size\" : \"{110, 60}\",\n  \"identifier\" : \"21169392-D67E-4772-A0C5-3F978A0940CA\",\n  \"tag\" : 0,\n  \"connectable\" : true,\n  \"isLocked\" : false,\n  \"visible\" : true,\n  \"isTemplate\" : false,\n  \"themeStyle\" : \"variant_4\",\n  \"privateStyle\" : {\n    \"textAlignment\" : 2,\n    \"font\" : \"Helvetica,14.0\"\n  },\n  \"value\" : \"Get guy on phone to shout\",\n  \"isRelative\" : false\n}",
      "class" : "dia-node"
    },
    {
      "attrs" : "{\n  \"isRelative\" : false,\n  \"points\" : [\n\n  ],\n  \"shape\" : \"connector\",\n  \"targetPoint\" : \"{570, -760}\",\n  \"identifier\" : \"E5A17739-0FEB-4F4B-8BD9-9B26BEB6EDF6\",\n  \"tag\" : 0,\n  \"isLocked\" : false,\n  \"visible\" : true,\n  \"themeStyle\" : \"edge_11\",\n  \"isTemplate\" : false,\n  \"privateStyle\" : {\n\n  },\n  \"exitPoint\" : {\n    \"offset\" : \"{0, 0}\",\n    \"direction\" : 0,\n    \"location\" : \"{0, 0}\"\n  },\n  \"sourcePoint\" : \"{385, -760}\",\n  \"entryPoint\" : {\n    \"offset\" : \"{0, 0}\",\n    \"direction\" : 0,\n    \"location\" : \"{0, 0}\"\n  }\n}",
      "class" : "connector"
    },
    {
      "attrs" : "{\n  \"lockAspectRatio\" : false,\n  \"shape\" : \"rect\",\n  \"position\" : \"{170, -790}\",\n  \"size\" : \"{120, 60}\",\n  \"identifier\" : \"5E531F91-1D10-420D-AF81-4201B9FDB6BD\",\n  \"tag\" : 0,\n  \"connectable\" : true,\n  \"isLocked\" : false,\n  \"visible\" : true,\n  \"isTemplate\" : false,\n  \"themeStyle\" : \"variant_4\",\n  \"privateStyle\" : {\n    \"textAlignment\" : 2,\n    \"font\" : \"Helvetica,14.0\"\n  },\n  \"value\" : \"Make leafblower stay on\",\n  \"isRelative\" : false\n}",
      "class" : "dia-node"
    },
    {
      "attrs" : "{\n  \"isRelative\" : false,\n  \"points\" : [\n\n  ],\n  \"shape\" : \"connector\",\n  \"targetPoint\" : \"{385, -760}\",\n  \"identifier\" : \"3004F34F-D625-428B-927E-0EF8F16514B7\",\n  \"tag\" : 0,\n  \"isLocked\" : false,\n  \"visible\" : true,\n  \"themeStyle\" : \"edge_11\",\n  \"isTemplate\" : false,\n  \"privateStyle\" : {\n\n  },\n  \"exitPoint\" : {\n    \"offset\" : \"{0, 0}\",\n    \"direction\" : 0,\n    \"location\" : \"{0, 0}\"\n  },\n  \"sourcePoint\" : \"{230, -760}\",\n  \"entryPoint\" : {\n    \"offset\" : \"{0, 0}\",\n    \"direction\" : 0,\n    \"location\" : \"{0, 0}\"\n  }\n}",
      "class" : "connector"
    },
    {
      "attrs" : "{\n  \"lockAspectRatio\" : false,\n  \"shape\" : \"rect\",\n  \"position\" : \"{310, -680}\",\n  \"size\" : \"{100, 60}\",\n  \"identifier\" : \"9EB324BC-FA62-46CE-8D11-1B713F55C0EF\",\n  \"tag\" : 0,\n  \"connectable\" : true,\n  \"isLocked\" : false,\n  \"visible\" : true,\n  \"isTemplate\" : false,\n  \"themeStyle\" : \"variant_4\",\n  \"privateStyle\" : {\n    \"font\" : \"Helvetica,14.0\",\n    \"textAlignment\" : 2\n  },\n  \"value\" : \"Flip loose number on building\",\n  \"isRelative\" : false\n}",
      "class" : "dia-node"
    },
    {
      "attrs" : "{\n  \"isRelative\" : false,\n  \"points\" : [\n\n  ],\n  \"shape\" : \"connector\",\n  \"targetPoint\" : \"{570, -650}\",\n  \"identifier\" : \"1D3E8BC1-2074-4041-B84D-29628154D930\",\n  \"tag\" : 0,\n  \"isLocked\" : false,\n  \"visible\" : true,\n  \"themeStyle\" : \"edge_11\",\n  \"isTemplate\" : false,\n  \"privateStyle\" : {\n\n  },\n  \"exitPoint\" : {\n    \"offset\" : \"{0, 0}\",\n    \"direction\" : 0,\n    \"location\" : \"{0, 0}\"\n  },\n  \"sourcePoint\" : \"{360, -650}\",\n  \"entryPoint\" : {\n    \"offset\" : \"{0, 0}\",\n    \"direction\" : 0,\n    \"location\" : \"{0, 0}\"\n  }\n}",
      "class" : "connector"
    },
    {
      "attrs" : "{\n  \"lockAspectRatio\" : false,\n  \"shape\" : \"rect\",\n  \"position\" : \"{170, -880}\",\n  \"size\" : \"{120, 60}\",\n  \"identifier\" : \"6799CFFF-244A-4C15-A3AF-1A873B69FB71\",\n  \"tag\" : 0,\n  \"connectable\" : true,\n  \"isLocked\" : false,\n  \"visible\" : true,\n  \"isTemplate\" : false,\n  \"themeStyle\" : \"variant_4\",\n  \"privateStyle\" : {\n    \"font\" : \"Helvetica,14.0\",\n    \"textAlignment\" : 2\n  },\n  \"value\" : \"Make leaf immoveable\",\n  \"isRelative\" : false\n}",
      "class" : "dia-node"
    },
    {
      "class" : "connector",
      "attrs" : "{\n  \"isRelative\" : false,\n  \"points\" : [\n\n  ],\n  \"shape\" : \"connector\",\n  \"targetPoint\" : \"{230, -760}\",\n  \"identifier\" : \"106CAD72-A781-4514-A17B-CABD417E1007\",\n  \"tag\" : 0,\n  \"isLocked\" : false,\n  \"visible\" : true,\n  \"themeStyle\" : \"edge_11\",\n  \"isTemplate\" : false,\n  \"privateStyle\" : {\n\n  },\n  \"exitPoint\" : {\n    \"offset\" : \"{0, 0}\",\n    \"direction\" : 0,\n    \"location\" : \"{0, 0}\"\n  },\n  \"sourcePoint\" : \"{230, -850}\",\n  \"entryPoint\" : {\n    \"offset\" : \"{0, 0}\",\n    \"direction\" : 0,\n    \"location\" : \"{0, 0}\"\n  }\n}"
    },
    {
      "attrs" : "{\n  \"lockAspectRatio\" : false,\n  \"shape\" : \"rect\",\n  \"position\" : \"{170, -960}\",\n  \"size\" : \"{120, 60}\",\n  \"identifier\" : \"048A6473-DD57-47BD-AC44-8A777678BB6A\",\n  \"tag\" : 0,\n  \"connectable\" : true,\n  \"isLocked\" : false,\n  \"visible\" : true,\n  \"isTemplate\" : false,\n  \"themeStyle\" : \"variant_4\",\n  \"privateStyle\" : {\n    \"textAlignment\" : 2,\n    \"font\" : \"Helvetica,14.0\"\n  },\n  \"value\" : \"Drop sticky leaf\",\n  \"isRelative\" : false\n}",
      "class" : "dia-node"
    },
    {
      "class" : "dia-node",
      "attrs" : "{\n  \"lockAspectRatio\" : false,\n  \"shape\" : \"rect\",\n  \"position\" : \"{330, -960}\",\n  \"size\" : \"{110, 60}\",\n  \"identifier\" : \"D310DB67-EC88-4F23-93B8-A448026A2E46\",\n  \"tag\" : 0,\n  \"connectable\" : true,\n  \"isLocked\" : false,\n  \"visible\" : true,\n  \"isTemplate\" : false,\n  \"themeStyle\" : \"variant_4\",\n  \"privateStyle\" : {\n    \"font\" : \"Helvetica,14.0\",\n    \"textAlignment\" : 2\n  },\n  \"value\" : \"Add gum to leaf\",\n  \"isRelative\" : false\n}"
    },
    {
      "class" : "connector",
      "attrs" : "{\n  \"isRelative\" : false,\n  \"points\" : [\n\n  ],\n  \"shape\" : \"connector\",\n  \"targetPoint\" : \"{230, -930}\",\n  \"identifier\" : \"78F6F3FC-F11F-40BE-8C74-2DFE66C7E39B\",\n  \"tag\" : 0,\n  \"isLocked\" : false,\n  \"visible\" : true,\n  \"themeStyle\" : \"edge_11\",\n  \"isTemplate\" : false,\n  \"privateStyle\" : {\n\n  },\n  \"exitPoint\" : {\n    \"offset\" : \"{0, 0}\",\n    \"direction\" : 0,\n    \"location\" : \"{0, 0}\"\n  },\n  \"sourcePoint\" : \"{385, -930}\",\n  \"entryPoint\" : {\n    \"offset\" : \"{0, 0}\",\n    \"direction\" : 0,\n    \"location\" : \"{0, 0}\"\n  }\n}"
    },
    {
      "class" : "dia-node",
      "attrs" : "{\n  \"lockAspectRatio\" : false,\n  \"shape\" : \"rect\",\n  \"position\" : \"{470, -960}\",\n  \"size\" : \"{100, 60}\",\n  \"identifier\" : \"117695B2-41E2-4A5A-B5C9-4511048FCB50\",\n  \"tag\" : 0,\n  \"connectable\" : true,\n  \"isLocked\" : false,\n  \"visible\" : true,\n  \"isTemplate\" : false,\n  \"themeStyle\" : \"variant_4\",\n  \"privateStyle\" : {\n    \"font\" : \"Helvetica,14.0\",\n    \"textAlignment\" : 2\n  },\n  \"value\" : \"Spit out gum\",\n  \"isRelative\" : false\n}"
    },
    {
      "attrs" : "{\n  \"isRelative\" : false,\n  \"points\" : [\n\n  ],\n  \"shape\" : \"connector\",\n  \"targetPoint\" : \"{385, -930}\",\n  \"identifier\" : \"EC3E9165-EF4A-4736-AF17-B9E6C5B794A1\",\n  \"tag\" : 0,\n  \"isLocked\" : false,\n  \"visible\" : true,\n  \"themeStyle\" : \"edge_11\",\n  \"isTemplate\" : false,\n  \"privateStyle\" : {\n\n  },\n  \"exitPoint\" : {\n    \"offset\" : \"{0, 0}\",\n    \"direction\" : 0,\n    \"location\" : \"{0, 0}\"\n  },\n  \"sourcePoint\" : \"{520, -930}\",\n  \"entryPoint\" : {\n    \"offset\" : \"{0, 0}\",\n    \"direction\" : 0,\n    \"location\" : \"{0, 0}\"\n  }\n}",
      "class" : "connector"
    },
    {
      "class" : "connector",
      "attrs" : "{\n  \"isRelative\" : false,\n  \"points\" : [\n\n  ],\n  \"shape\" : \"connector\",\n  \"targetPoint\" : \"{230, -850}\",\n  \"identifier\" : \"4CA0B617-E49A-4C25-B81B-746BE7E69B3C\",\n  \"tag\" : 0,\n  \"isLocked\" : false,\n  \"visible\" : true,\n  \"themeStyle\" : \"edge_11\",\n  \"isTemplate\" : false,\n  \"privateStyle\" : {\n\n  },\n  \"exitPoint\" : {\n    \"offset\" : \"{0, 0}\",\n    \"direction\" : 0,\n    \"location\" : \"{0, 0}\"\n  },\n  \"sourcePoint\" : \"{230, -930}\",\n  \"entryPoint\" : {\n    \"offset\" : \"{0, 0}\",\n    \"direction\" : 0,\n    \"location\" : \"{0, 0}\"\n  }\n}"
    },
    {
      "class" : "dia-node",
      "attrs" : "{\n  \"lockAspectRatio\" : false,\n  \"shape\" : \"rect\",\n  \"position\" : \"{330, -1050}\",\n  \"size\" : \"{110, 60}\",\n  \"identifier\" : \"C27E3C1E-3580-4CAD-BB2A-3743EFF85D17\",\n  \"tag\" : 0,\n  \"connectable\" : true,\n  \"isLocked\" : false,\n  \"visible\" : true,\n  \"isTemplate\" : false,\n  \"themeStyle\" : \"variant_4\",\n  \"privateStyle\" : {\n    \"font\" : \"Helvetica,14.0\",\n    \"textAlignment\" : 2\n  },\n  \"value\" : \"Pick up leaf\",\n  \"isRelative\" : false\n}"
    },
    {
      "attrs" : "{\n  \"isRelative\" : false,\n  \"points\" : [\n\n  ],\n  \"shape\" : \"connector\",\n  \"targetPoint\" : \"{385, -930}\",\n  \"identifier\" : \"79C124F0-0398-427C-BB91-780F63DB28E3\",\n  \"tag\" : 0,\n  \"isLocked\" : false,\n  \"visible\" : true,\n  \"themeStyle\" : \"edge_11\",\n  \"isTemplate\" : false,\n  \"privateStyle\" : {\n\n  },\n  \"exitPoint\" : {\n    \"offset\" : \"{0, 0}\",\n    \"direction\" : 0,\n    \"location\" : \"{0, 0}\"\n  },\n  \"sourcePoint\" : \"{385, -1020}\",\n  \"entryPoint\" : {\n    \"offset\" : \"{0, 0}\",\n    \"direction\" : 0,\n    \"location\" : \"{0, 0}\"\n  }\n}",
      "class" : "connector"
    },
    {
      "attrs" : "{\n  \"lockAspectRatio\" : false,\n  \"shape\" : \"rect\",\n  \"position\" : \"{195, -1100}\",\n  \"size\" : \"{110, 60}\",\n  \"identifier\" : \"A45B8A65-4FAB-4B7C-B574-68C45B6D2B09\",\n  \"tag\" : 0,\n  \"connectable\" : true,\n  \"isLocked\" : false,\n  \"visible\" : true,\n  \"isTemplate\" : false,\n  \"themeStyle\" : \"variant_4\",\n  \"privateStyle\" : {\n    \"font\" : \"Helvetica,14.0\",\n    \"textAlignment\" : 2\n  },\n  \"value\" : \"Shake tree\\\/ drop leaves\",\n  \"isRelative\" : false\n}",
      "class" : "dia-node"
    },
    {
      "attrs" : "{\n  \"isRelative\" : false,\n  \"points\" : [\n\n  ],\n  \"shape\" : \"connector\",\n  \"targetPoint\" : \"{385, -1020}\",\n  \"identifier\" : \"18C667A6-CAB7-4C9A-AD4E-F258DB801707\",\n  \"tag\" : 0,\n  \"isLocked\" : false,\n  \"visible\" : true,\n  \"themeStyle\" : \"edge_11\",\n  \"isTemplate\" : false,\n  \"privateStyle\" : {\n\n  },\n  \"exitPoint\" : {\n    \"offset\" : \"{0, 0}\",\n    \"direction\" : 0,\n    \"location\" : \"{0, 0}\"\n  },\n  \"sourcePoint\" : \"{250, -1070}\",\n  \"entryPoint\" : {\n    \"offset\" : \"{0, 0}\",\n    \"direction\" : 0,\n    \"location\" : \"{0, 0}\"\n  }\n}",
      "class" : "connector"
    },
    {
      "attrs" : "{\n  \"isRelative\" : false,\n  \"points\" : [\n\n  ],\n  \"shape\" : \"connector\",\n  \"targetPoint\" : \"{1015, -540}\",\n  \"identifier\" : \"B763895D-6DEA-41FB-BD2C-BB601D934246\",\n  \"tag\" : 0,\n  \"isLocked\" : false,\n  \"visible\" : true,\n  \"themeStyle\" : \"edge_11\",\n  \"isTemplate\" : false,\n  \"privateStyle\" : {\n\n  },\n  \"exitPoint\" : {\n    \"offset\" : \"{0, 0}\",\n    \"direction\" : 0,\n    \"location\" : \"{0, 0}\"\n  },\n  \"sourcePoint\" : \"{1015, -650}\",\n  \"entryPoint\" : {\n    \"offset\" : \"{0, 0}\",\n    \"direction\" : 0,\n    \"location\" : \"{0, 0}\"\n  }\n}",
      "class" : "connector"
    },
    {
      "attrs" : "{\n  \"lockAspectRatio\" : false,\n  \"shape\" : \"rect\",\n  \"position\" : \"{945, -570}\",\n  \"size\" : \"{140, 60}\",\n  \"identifier\" : \"0ED9E09F-5692-44BD-AF45-FE7ED347770C\",\n  \"tag\" : 0,\n  \"connectable\" : true,\n  \"isLocked\" : false,\n  \"visible\" : true,\n  \"isTemplate\" : false,\n  \"themeStyle\" : \"variant_4\",\n  \"privateStyle\" : {\n    \"font\" : \"Helvetica,14.0\",\n    \"textAlignment\" : 2\n  },\n  \"value\" : \"On to Room 2\",\n  \"isRelative\" : false\n}",
      "class" : "dia-node"
    },
    {
      "attrs" : "{\n  \"lockAspectRatio\" : false,\n  \"shape\" : \"rect\",\n  \"position\" : \"{1070, -880}\",\n  \"size\" : \"{80, 60}\",\n  \"identifier\" : \"874D8B06-93E5-44CA-B7BD-D6E6914077AF\",\n  \"tag\" : 0,\n  \"connectable\" : true,\n  \"isLocked\" : false,\n  \"visible\" : true,\n  \"isTemplate\" : false,\n  \"themeStyle\" : \"style_16\",\n  \"privateStyle\" : {\n    \"shadowMode\" : 1,\n    \"fillColor2\" : \"#E19558FF\",\n    \"textAlignment\" : 2,\n    \"font\" : \"Helvetica,14.0\",\n    \"strokeDash\" : 0\n  },\n  \"value\" : \"Receive Jacket\",\n  \"isRelative\" : false\n}",
      "class" : "dia-node"
    },
    {
      "attrs" : "{\n  \"isRelative\" : false,\n  \"points\" : [\n\n  ],\n  \"shape\" : \"connector\",\n  \"targetPoint\" : \"{1110, -820}\",\n  \"identifier\" : \"CCAA1C6B-761C-4828-B01F-54BE737B817B\",\n  \"tag\" : 0,\n  \"isLocked\" : false,\n  \"visible\" : true,\n  \"themeStyle\" : \"edge_11\",\n  \"isTemplate\" : false,\n  \"privateStyle\" : {\n\n  },\n  \"exitPoint\" : {\n    \"offset\" : \"{0, 0}\",\n    \"direction\" : 0,\n    \"location\" : \"{0, 0.5}\"\n  },\n  \"sourcePoint\" : \"{1090, -760}\",\n  \"entryPoint\" : {\n    \"offset\" : \"{0, 0}\",\n    \"direction\" : 0,\n    \"location\" : \"{0.5, 0}\"\n  }\n}",
      "class" : "connector"
    },
    {
      "attrs" : "{\n  \"layout\" : \"group\",\n  \"lockAspectRatio\" : false,\n  \"shape\" : \"rect\",\n  \"position\" : \"{1290, -800}\",\n  \"size\" : \"{570, 450}\",\n  \"identifier\" : \"EE937726-10D3-4AC9-BD89-71AE4E7A6943\",\n  \"tag\" : 0,\n  \"connectable\" : true,\n  \"isLocked\" : false,\n  \"visible\" : true,\n  \"isTemplate\" : false,\n  \"themeStyle\" : \"style_11\",\n  \"privateStyle\" : {\n    \"strokeMode\" : 0,\n    \"fillMode\" : 0\n  },\n  \"value\" : \"\",\n  \"isRelative\" : false\n}",
      "class" : "dia-node",
      "children" : "[\n  \"3AA355A4-D1B6-477B-87E9-BE93E0C199F2\",\n  \"7CED00E9-6542-4078-AF09-36D9ECE5A484\",\n  \"3D6BFCFF-EFFF-4B83-886E-7FD077749394\",\n  \"51C31EC5-DDB1-45DE-AC9C-25EBE91BA53B\",\n  \"0B974041-0E85-4700-82E6-81B04C4B6DBD\",\n  \"2E7E39BC-FA0F-48F2-B2F7-F90427897A18\",\n  \"FB606722-7A7E-405C-9BF1-5DCAA63930BD\",\n  \"BAF85F39-E301-4936-8B42-398351A5FC82\",\n  \"1245A6BE-C43B-43CA-9A7C-48D6F36BBF92\",\n  \"69D251BD-295F-47EF-8B5E-28FEBCDE5F92\",\n  \"5BB2BC53-207F-46D5-B718-61B637CEF262\",\n  \"F3E8A440-4522-42C4-9F56-3BFAE4ED4253\",\n  \"BC117C41-67CA-4CCA-8348-329655CA926F\",\n  \"874658FA-5984-4D93-8D25-C38EC6C18BF6\",\n  \"20436B3F-CFD2-4BBB-B4A7-DB706BA86A12\",\n  \"A0653D3F-8801-4961-A714-DF28AA288A89\",\n  \"6CB05CFC-2C61-47BD-BCB6-3B5710EC784E\",\n  \"A5CCC348-E2B5-43CE-94CC-CD19E02B6ADD\",\n  \"FA562C42-D3D9-41C5-BE02-117CFD367573\"\n]"
    }
  ],
  "frame" : [
    [
      0,
      -1129
    ],
    [
      2298,
      827
    ]
  ],
  "terminals" : {
    "D75DA369-78F8-4475-96C5-B6A11760EB29" : [
      "C4DDE947-CB17-417A-95B7-A15079655D0D",
      "4C68599C-1D31-48EA-9E0B-974282DC50ED"
    ],
    "E5A17739-0FEB-4F4B-8BD9-9B26BEB6EDF6" : [
      "21169392-D67E-4772-A0C5-3F978A0940CA",
      "C4DDE947-CB17-417A-95B7-A15079655D0D"
    ],
    "20436B3F-CFD2-4BBB-B4A7-DB706BA86A12" : [
      "F3E8A440-4522-42C4-9F56-3BFAE4ED4253",
      "874658FA-5984-4D93-8D25-C38EC6C18BF6"
    ],
    "5BB2BC53-207F-46D5-B718-61B637CEF262" : [
      "BAF85F39-E301-4936-8B42-398351A5FC82",
      "2E7E39BC-FA0F-48F2-B2F7-F90427897A18"
    ],
    "A5CCC348-E2B5-43CE-94CC-CD19E02B6ADD" : [
      "6CB05CFC-2C61-47BD-BCB6-3B5710EC784E",
      "F3E8A440-4522-42C4-9F56-3BFAE4ED4253"
    ],
    "1D3E8BC1-2074-4041-B84D-29628154D930" : [
      "9EB324BC-FA62-46CE-8D11-1B713F55C0EF",
      "9F340B28-906E-406E-B24D-7CA2D92182AA"
    ],
    "BC117C41-67CA-4CCA-8348-329655CA926F" : [
      "F3E8A440-4522-42C4-9F56-3BFAE4ED4253",
      "1245A6BE-C43B-43CA-9A7C-48D6F36BBF92"
    ],
    "85BEEC95-2D51-4EB7-A129-00F75D5CC7CC" : [
      "4C68599C-1D31-48EA-9E0B-974282DC50ED",
      "95119945-A675-4510-98B5-FA6F443417FC"
    ],
    "AF49F383-648E-418B-A990-02B66E3FC1E1" : [
      "9F340B28-906E-406E-B24D-7CA2D92182AA",
      "31573A90-8E07-4267-B27C-70567CD01D21"
    ],
    "1E01D204-0D66-41EE-B08E-AAD913D1D41C" : [
      "95119945-A675-4510-98B5-FA6F443417FC",
      "31573A90-8E07-4267-B27C-70567CD01D21"
    ],
    "3D6BFCFF-EFFF-4B83-886E-7FD077749394" : [
      "7CED00E9-6542-4078-AF09-36D9ECE5A484",
      "3AA355A4-D1B6-477B-87E9-BE93E0C199F2"
    ],
    "79C124F0-0398-427C-BB91-780F63DB28E3" : [
      "C27E3C1E-3580-4CAD-BB2A-3743EFF85D17",
      "D310DB67-EC88-4F23-93B8-A448026A2E46"
    ],
    "FB606722-7A7E-405C-9BF1-5DCAA63930BD" : [
      "2E7E39BC-FA0F-48F2-B2F7-F90427897A18",
      "51C31EC5-DDB1-45DE-AC9C-25EBE91BA53B"
    ],
    "78F6F3FC-F11F-40BE-8C74-2DFE66C7E39B" : [
      "D310DB67-EC88-4F23-93B8-A448026A2E46",
      "048A6473-DD57-47BD-AC44-8A777678BB6A"
    ],
    "FA562C42-D3D9-41C5-BE02-117CFD367573" : [
      "null",
      "6CB05CFC-2C61-47BD-BCB6-3B5710EC784E"
    ],
    "69D251BD-295F-47EF-8B5E-28FEBCDE5F92" : [
      "1245A6BE-C43B-43CA-9A7C-48D6F36BBF92",
      "2E7E39BC-FA0F-48F2-B2F7-F90427897A18"
    ],
    "A0653D3F-8801-4961-A714-DF28AA288A89" : [
      "874658FA-5984-4D93-8D25-C38EC6C18BF6",
      "BAF85F39-E301-4936-8B42-398351A5FC82"
    ],
    "EC3E9165-EF4A-4736-AF17-B9E6C5B794A1" : [
      "117695B2-41E2-4A5A-B5C9-4511048FCB50",
      "D310DB67-EC88-4F23-93B8-A448026A2E46"
    ],
    "3004F34F-D625-428B-927E-0EF8F16514B7" : [
      "5E531F91-1D10-420D-AF81-4201B9FDB6BD",
      "21169392-D67E-4772-A0C5-3F978A0940CA"
    ],
    "4CA0B617-E49A-4C25-B81B-746BE7E69B3C" : [
      "048A6473-DD57-47BD-AC44-8A777678BB6A",
      "6799CFFF-244A-4C15-A3AF-1A873B69FB71"
    ],
    "CCAA1C6B-761C-4828-B01F-54BE737B817B" : [
      "95119945-A675-4510-98B5-FA6F443417FC",
      "874D8B06-93E5-44CA-B7BD-D6E6914077AF"
    ],
    "B763895D-6DEA-41FB-BD2C-BB601D934246" : [
      "31573A90-8E07-4267-B27C-70567CD01D21",
      "0ED9E09F-5692-44BD-AF45-FE7ED347770C"
    ],
    "18C667A6-CAB7-4C9A-AD4E-F258DB801707" : [
      "A45B8A65-4FAB-4B7C-B574-68C45B6D2B09",
      "C27E3C1E-3580-4CAD-BB2A-3743EFF85D17"
    ],
    "0B974041-0E85-4700-82E6-81B04C4B6DBD" : [
      "51C31EC5-DDB1-45DE-AC9C-25EBE91BA53B",
      "7CED00E9-6542-4078-AF09-36D9ECE5A484"
    ],
    "106CAD72-A781-4514-A17B-CABD417E1007" : [
      "6799CFFF-244A-4C15-A3AF-1A873B69FB71",
      "5E531F91-1D10-420D-AF81-4201B9FDB6BD"
    ]
  },
  "design" : {
    "connectorPathStyle" : "rounded",
    "themeName" : "slice",
    "paper" : {
      "name" : "a4",
      "ori" : false
    },
    "autoFrame" : true,
    "showPageMarker" : true
  },
  "showsGrids" : true,
  "version" : "0.0.2"
}